{"cameraMode":{"drawMode":0,"name":"Shaded","section":"Shading Mode"},"sceneLighting":true,"audioPlay":false,"sceneViewState":{"showFog":true,"showMaterialUpdate":false,"showSkybox":true,"showFlares":true,"showImageEffects":true,"showParticleSystems":true},"in2DMode":false,"pivot":{"x":-125.10505676269531,"y":-1.75,"z":5.504936218261719},"rotation":{"x":0.5169419646263123,"y":-0.008993669413030148,"z":0.005429911892861128,"w":0.8559560179710388},"size":50.96064758300781,"orthographic":false}