{"cameraMode":{"drawMode":0,"name":"Shaded","section":"Shading Mode"},"sceneLighting":false,"audioPlay":false,"sceneViewState":{"showFog":true,"showMaterialUpdate":false,"showSkybox":true,"showFlares":true,"showImageEffects":true,"showParticleSystems":true},"in2DMode":false,"pivot":{"x":-0.3199999928474426,"y":0.44999998807907107,"z":0.15000000596046449},"rotation":{"x":0.23901845514774323,"y":-0.5528222918510437,"z":0.16937725245952607,"w":0.7801083326339722},"size":22.0,"orthographic":false}