{"cameraMode":{"drawMode":0,"name":"Shaded","section":"Shading Mode"},"sceneLighting":false,"audioPlay":false,"sceneViewState":{"showFog":true,"showMaterialUpdate":false,"showSkybox":true,"showFlares":true,"showImageEffects":true,"showParticleSystems":true},"in2DMode":false,"pivot":{"x":-0.34199610352516177,"y":0.037671737372875217,"z":0.09984737634658814},"rotation":{"x":0.028788575902581216,"y":-0.03298623114824295,"z":0.0009642959339544177,"w":0.9990406632423401},"size":1.3885557651519776,"orthographic":false}