{"cameraMode":{"drawMode":0,"name":"Shaded","section":"Shading Mode"},"sceneLighting":true,"audioPlay":false,"sceneViewState":{"showFog":true,"showMaterialUpdate":false,"showSkybox":true,"showFlares":true,"showImageEffects":true,"showParticleSystems":true},"in2DMode":false,"pivot":{"x":0.0,"y":0.059999942779541019,"z":4.320000171661377},"rotation":{"x":-0.12603877484798432,"y":-0.2552701532840729,"z":0.033583540469408038,"w":-0.9580311179161072},"size":8.122298240661621,"orthographic":false}