{"cameraMode":{"drawMode":0,"name":"Shaded","section":"Shading Mode"},"sceneLighting":false,"audioPlay":false,"sceneViewState":{"showFog":true,"showMaterialUpdate":false,"showSkybox":true,"showFlares":true,"showImageEffects":true,"showParticleSystems":true},"in2DMode":false,"pivot":{"x":-0.3199999928474426,"y":0.1436000019311905,"z":3.954400062561035},"rotation":{"x":0.5853967070579529,"y":0.05919279158115387,"z":-0.04291418939828873,"w":0.8074437379837036},"size":2.67383074760437,"orthographic":false}