{"cameraMode":{"drawMode":0,"name":"Shaded","section":"Shading Mode"},"sceneLighting":true,"audioPlay":false,"sceneViewState":{"showFog":true,"showMaterialUpdate":false,"showSkybox":true,"showFlares":true,"showImageEffects":true,"showParticleSystems":true},"in2DMode":false,"pivot":{"x":0.0,"y":-0.023100001737475396,"z":0.22699999809265138},"rotation":{"x":0.07522448152303696,"y":-0.018269658088684083,"z":0.0013788212090730668,"w":0.9969983696937561},"size":17.18772315979004,"orthographic":false}